Id,Wifi,Mushola,Ruang Lesehan,Ruang AC,Halaman Parkir,Live Music,Games,Kabel Terminal,Toilet
1,Ya,Ya,Ya,Ya,Ya,Ya,Ya,Ya,Ya
2,Ya,Ya,Tidak,Ya,Ya,Tidak,Tidak,Ya,Ya
3,Ya,Ya,Ya,Tidak,Ya,Tidak,Ya,Ya,Ya
4,Ya,Ya,Tidak,Ya,Ya,Tidak,Tidak,Ya,Ya
5,Ya,Ya,Ya,Tidak,Ya,Tidak,Ya,Ya,Ya
6,Ya,Ya,Tidak,Ya,Ya,Ya,Ya,Ya,Ya
7,Ya,Ya,Tidak,Ya,Ya,Ya,Ya,Ya,Ya
8,Ya,Ya,Tidak,Ya,Ya,Ya,Ya,Ya,Ya
9,Ya,Ya,Tidak,Ya,Ya,Ya,Tidak,Ya,Ya
10,Ya,Ya,Tidak,Ya,Ya,Ya,Tidak,Ya,Ya
11,Ya,Ya,Tidak,Ya,Ya,Tidak,Ya,Tidak,Ya
12,Ya,Tidak,Ya,Tidak,Ya,Ya,Tidak,Ya,Ya
13,Ya,Ya,Tidak,Ya,Ya,Tidak,Ya,Tidak,Ya
14,Ya,Ya,Tidak,Ya,Ya,Tidak,Tidak,Ya,Ya
15,Ya,Ya,Tidak,Ya,Ya,Tidak,Tidak,Ya,Ya
16,Ya,Ya,Tidak,Ya,Ya,Tidak,Tidak,Ya,Ya
17,Ya,Ya,Ya,Ya,Ya,Ya,Tidak,Ya,Ya
18,Ya,Ya,Tidak,Ya,Ya,Tidak,Tidak,Ya,Ya
19,Ya,Ya,Ya,Tidak,Ya,Tidak,Ya,Ya,Ya
20,Ya,Ya,Tidak,Ya,Ya,Tidak,Tidak,Tidak,Ya
21,Ya,Tidak,Tidak,Tidak,Ya,Ya,Ya,Ya,Ya
22,Ya,Ya,Ya,Ya,Ya,Ya,Ya,Ya,Ya
23,Ya,Ya,Tidak,Ya,Ya,Ya,Tidak,Ya,Ya
24,Ya,Tidak,Ya,Tidak,Ya,Tidak,Ya,Ya,Ya
25,Ya,Ya,Ya,Ya,Ya,Tidak,Ya,Ya,Ya
26,Ya,Ya,Ya,Ya,Ya,Ya,Tidak,Ya,Ya
27,Ya,Ya,Tidak,Ya,Ya,Tidak,Ya,Ya,Ya
28,Ya,Tidak,Tidak,Ya,Ya,Tidak,Ya,Ya,Ya
29,Ya,Ya,Tidak,Ya,Ya,Ya,Ya,Ya,Ya
30,Ya,Ya,Ya,Tidak,Ya,Ya,Tidak,Ya,Ya
31,Ya,Tidak,Tidak,Ya,Ya,Tidak,Tidak,Ya,Ya
32,Ya,Ya,Tidak,Ya,Ya,Tidak,Tidak,Tidak,Ya
33,Ya,Ya,Tidak,Ya,Ya,Tidak,Ya,Tidak,Ya
34,Ya,Tidak,Ya,Ya,Ya,Tidak,Tidak,Ya,Ya
35,Ya,Ya,Tidak,Ya,Ya,Ya,Tidak,Ya,Ya
36,Ya,Ya,Tidak,Ya,Ya,Tidak,Ya,Tidak,Ya
37,Ya,Ya,Tidak,Tidak,Ya,Tidak,Ya,Ya,Ya
38,Ya,Ya,Tidak,Ya,Ya,Tidak,Tidak,Ya,Ya
39,Ya,Tidak,Tidak,Tidak,Ya,Tidak,Ya,Tidak,Ya
40,Ya,Ya,Tidak,Tidak,Ya,Tidak,Ya,Ya,Ya
41,Ya,Ya,Tidak,Ya,Ya,Tidak,Tidak,Ya,Ya
42,Ya,Ya,Tidak,Ya,Ya,Tidak,Tidak,Ya,Ya
43,Ya,Tidak,Tidak,Ya,Ya,Tidak,Ya,Ya,Ya
44,Ya,Ya,Tidak,Ya,Ya,Tidak,Tidak,Ya,Ya
45,Ya,Ya,Tidak,Ya,Ya,Tidak,Ya,Tidak,Ya
46,Ya,Ya,Ya,Ya,Ya,Ya,Ya,Ya,Ya
47,Ya,Ya,Tidak,Ya,Ya,Tidak,Ya,Ya,Ya
48,Ya,Ya,Tidak,Ya,Ya,Tidak,Tidak,Tidak,Ya
49,Ya,Ya,Tidak,Ya,Ya,Tidak,Ya,Ya,Ya
50,Ya,Tidak,Tidak,Ya,Ya,Tidak,Tidak,Tidak,Ya
51,Ya,Ya,Tidak,Ya,Ya,Tidak,Ya,Ya,Ya
52,Ya,Ya,Tidak,Ya,Ya,Tidak,Ya,Ya,Ya
53,Ya,Tidak,Tidak,Ya,Ya,Tidak,Tidak,Ya,Ya
54,Ya,Ya,Tidak,Ya,Ya,Tidak,Tidak,Ya,Ya
55,Ya,Ya,Tidak,Ya,Ya,Tidak,Ya,Ya,Ya
56,Ya,Ya,Tidak,Ya,Ya,Tidak,Tidak,Ya,Ya
57,Ya,Ya,Ya,Ya,Ya,Tidak,Ya,Ya,Ya
58,Ya,Ya,Tidak,Ya,Tidak,Tidak,Tidak,Tidak,Ya
59,Ya,Ya,Tidak,Ya,Ya,Tidak,Tidak,Ya,Ya
60,Ya,Ya,Tidak,Ya,Ya,Tidak,Ya,Tidak,Ya
61,Ya,Ya,Tidak,Ya,Ya,Tidak,Ya,Tidak,Ya
62,Ya,Tidak,Tidak,Ya,Ya,Tidak,Ya,Tidak,Ya
63,Ya,Ya,Tidak,Ya,Ya,Tidak,Ya,Ya,Ya
64,Ya,Ya,Tidak,Ya,Ya,Tidak,Tidak,Ya,Ya
65,Ya,Ya,Ya,Ya,Ya,Tidak,Tidak,Ya,Ya
66,Ya,Ya,Tidak,Ya,Ya,Tidak,Tidak,Tidak,Ya
67,Ya,Ya,Ya,Ya,Ya,Ya,Ya,Ya,Ya
68,Ya,Ya,Tidak,Ya,Ya,Tidak,Tidak,Ya,Ya
69,Ya,Ya,Ya,Ya,Ya,Ya,Tidak,Ya,Ya
70,Ya,Ya,Ya,Ya,Ya,Tidak,Tidak,Ya,Ya
71,Ya,Ya,Tidak,Ya,Ya,Tidak,Tidak,Ya,Ya
72,Ya,Ya,Tidak,Ya,Tidak,Tidak,Ya,Ya,Ya
73,Ya,Ya,Tidak,Ya,Ya,Tidak,Ya,Ya,Ya
74,Ya,Tidak,Tidak,Tidak,Ya,Tidak,Ya,Ya,Ya
75,Ya,Ya,Tidak,Ya,Ya,Ya,Ya,Ya,Ya
76,Ya,Ya,Tidak,Tidak,Ya,Tidak,Ya,Ya,Ya
77,Ya,Tidak,Tidak,Tidak,Ya,Ya,Ya,Tidak,Ya
78,Ya,Ya,Tidak,Ya,Ya,Tidak,Ya,Ya,Ya
79,Ya,Ya,Tidak,Ya,Ya,Tidak,Ya,Ya,Ya
80,Ya,Ya,Ya,Ya,Ya,Tidak,Tidak,Ya,Ya
81,Ya,Ya,Tidak,Ya,Ya,Tidak,Ya,Ya,Ya
82,Ya,Ya,Tidak,Ya,Ya,Tidak,Ya,Ya,Ya
83,Ya,Ya,Tidak,Ya,Ya,Tidak,Tidak,Ya,Ya
84,Ya,Ya,Tidak,Tidak,Ya,Tidak,Ya,Tidak,Ya
85,Ya,Ya,Tidak,Ya,Ya,Tidak,Tidak,Ya,Ya
86,Ya,Ya,Tidak,Ya,Ya,Tidak,Tidak,Ya,Ya
87,Ya,Ya,Tidak,Ya,Ya,Tidak,Tidak,Ya,Ya
88,Ya,Ya,Tidak,Ya,Ya,Tidak,Ya,Ya,Ya
89,Ya,Tidak,Tidak,Ya,Ya,Tidak,Tidak,Ya,Ya
90,Ya,Ya,Tidak,Ya,Ya,Tidak,Tidak,Ya,Ya
91,Ya,Ya,Tidak,Ya,Ya,Tidak,Ya,Ya,Ya
92,Ya,Ya,Tidak,Ya,Ya,Tidak,Tidak,Ya,Ya
93,Ya,Ya,Tidak,Ya,Ya,Tidak,Tidak,Ya,Ya
94,Ya,Ya,Ya,Tidak,Ya,Tidak,Ya,Tidak,Ya
95,Ya,Ya,Tidak,Tidak,Ya,Tidak,Ya,Ya,Ya
96,Ya,Ya,Tidak,Ya,Ya,Ya,Tidak,Tidak,Ya
97,Ya,Ya,Tidak,Tidak,Ya,Tidak,Ya,Tidak,Ya
98,Ya,Ya,Tidak,Ya,Ya,Tidak,Ya,Tidak,Ya
99,Ya,Ya,Ya,Ya,Ya,Tidak,Tidak,Tidak,Ya
100,Ya,Ya,Tidak,Tidak,Ya,Tidak,Ya,Ya,Ya
101,Ya,Ya,Tidak,Ya,Ya,Ya,Ya,Tidak,Ya
102,Ya,Ya,Tidak,Ya,Ya,Tidak,Ya,Ya,Ya
103,Ya,Ya,Ya,Ya,Ya,Tidak,Ya,Ya,Ya
104,Ya,Ya,Tidak,Ya,Ya,Ya,Tidak,Ya,Ya
105,Ya,Ya,Ya,Ya,Ya,Ya,Ya,Ya,Ya
106,Ya,Ya,Tidak,Ya,Ya,Tidak,Tidak,Ya,Ya
107,Ya,Ya,Ya,Tidak,Ya,Tidak,Ya,Ya,Ya
108,Ya,Ya,Tidak,Ya,Ya,Ya,Tidak,Ya,Ya
109,Ya,Ya,Tidak,Tidak,Ya,Ya,Tidak,Ya,Ya
110,Ya,Ya,Ya,Ya,Ya,Ya,Ya,Ya,Ya
111,Ya,Ya,Ya,Ya,Ya,Ya,Tidak,Tidak,Ya
112,Ya,Ya,Tidak,Ya,Ya,Tidak,Ya,Ya,Ya
113,Ya,Ya,Tidak,Ya,Ya,Tidak,Tidak,Ya,Ya
114,Ya,Ya,Tidak,Tidak,Ya,Tidak,Tidak,Ya,Ya
115,Ya,Ya,Tidak,Ya,Ya,Tidak,Ya,Ya,Ya
116,Ya,Ya,Ya,Ya,Ya,Tidak,Ya,Ya,Ya
117,Ya,Ya,Tidak,Ya,Ya,Tidak,Tidak,Ya,Ya
118,Ya,Ya,Ya,Ya,Ya,Ya,Ya,Tidak,Ya
119,Ya,Ya,Ya,Ya,Ya,Tidak,Tidak,Ya,Ya
120,Ya,Ya,Tidak,Ya,Ya,Ya,Tidak,Tidak,Ya
121,Ya,Ya,Tidak,Tidak,Ya,Ya,Tidak,Ya,Ya
122,Ya,Ya,Tidak,Ya,Ya,Tidak,Ya,Ya,Ya
123,Ya,Tidak,Tidak,Ya,Ya,Tidak,Tidak,Ya,Ya
124,Ya,Tidak,Tidak,Ya,Ya,Tidak,Tidak,Tidak,Ya
